Atm_Pressure(mb),Cloud_Density(%),Date,Humidity(%),Max_Temp(°c),Min_Temp(°c),Rain(mm),Wind_Direction,Wind_Speed(Km/h)
1011.0,11.0,2018-01-01,56.0,28.0,17.0,0.0,SSE,5.0
1011.0,10.0,2018-01-02,54.0,28.0,17.0,0.0,S,7.0
1012.0,18.0,2018-01-03,58.0,27.0,19.0,0.2,ESE,8.0
1013.0,14.0,2018-01-04,58.0,27.0,17.0,0.0,ENE,12.0
1013.0,10.0,2018-01-05,53.0,27.0,17.0,0.0,E,11.0
1012.0,8.0,2018-01-06,51.0,26.0,15.0,0.0,ENE,9.0
1013.0,8.0,2018-01-07,49.0,27.0,16.0,0.0,ENE,10.0
1014.0,5.0,2018-01-08,51.0,26.0,16.0,0.0,E,13.0
1015.0,15.0,2018-01-09,63.0,27.0,16.0,0.0,E,14.0
1016.0,42.0,2018-01-10,71.0,26.0,18.0,0.1,E,15.0
1015.0,34.0,2018-01-11,71.0,27.0,18.0,0.0,E,12.0
1014.0,16.0,2018-01-12,62.0,29.0,18.0,0.0,E,12.0
1014.0,2.0,2018-01-13,50.0,30.0,19.0,0.0,ESE,13.0
1015.0,1.0,2018-01-14,47.0,29.0,17.0,0.0,E,13.0
1014.0,5.0,2018-01-15,47.0,30.0,17.0,0.0,E,12.0
1013.0,15.0,2018-01-16,53.0,29.0,18.0,0.0,ENE,11.0
1013.0,8.0,2018-01-17,51.0,29.0,18.0,0.0,ENE,12.0
1014.0,2.0,2018-01-18,45.0,28.0,16.0,0.0,ENE,12.0
1015.0,0.0,2018-01-19,42.0,28.0,15.0,0.0,ENE,13.0
1014.0,0.0,2018-01-20,46.0,27.0,15.0,0.0,ENE,8.0
1013.0,0.0,2018-01-21,46.0,28.0,15.0,0.0,ENE,11.0
1012.0,1.0,2018-01-22,52.0,28.0,15.0,0.0,ESE,11.0
1011.0,17.0,2018-01-23,57.0,28.0,16.0,0.0,S,8.0
1011.0,17.0,2018-01-24,51.0,29.0,17.0,0.0,NE,9.0
1010.0,6.0,2018-01-25,47.0,29.0,18.0,0.0,ENE,9.0
1011.0,4.0,2018-01-26,45.0,29.0,17.0,0.0,E,9.0
1012.0,6.0,2018-01-27,50.0,28.0,16.0,0.0,E,10.0
1013.0,7.0,2018-01-28,49.0,29.0,17.0,0.0,ENE,12.0
1014.0,2.0,2018-01-29,41.0,29.0,17.0,0.0,E,13.0
1015.0,0.0,2018-01-30,49.0,29.0,16.0,0.0,ENE,13.0
1015.0,0.0,2018-01-31,43.0,29.0,16.0,0.0,ENE,12.0
1015.0,0.0,2018-02-01,29.0,30.0,16.0,0.0,ENE,13.0
1014.0,0.0,2018-02-02,29.0,30.0,17.0,0.0,E,13.0
1014.0,0.0,2018-02-03,33.0,29.0,15.0,0.0,E,13.0
1014.0,12.0,2018-02-04,39.0,29.0,15.0,0.0,E,12.0
1015.0,9.0,2018-02-05,46.0,29.0,15.0,0.0,E,13.0
1015.0,29.0,2018-02-06,59.0,30.0,17.0,0.0,ESE,11.0
1014.0,49.0,2018-02-07,66.0,28.0,20.0,7.4,ESE,11.0
1013.0,39.0,2018-02-08,50.0,28.0,20.0,0.3,E,9.0
1012.0,41.0,2018-02-09,53.0,30.0,21.0,1.1,ESE,7.0
1014.0,35.0,2018-02-10,52.0,29.0,22.0,1.8,SE,12.0
1014.0,18.0,2018-02-11,49.0,29.0,20.0,0.0,ESE,15.0
1016.0,9.0,2018-02-12,57.0,29.0,19.0,0.0,ESE,14.0
1017.0,14.0,2018-02-13,57.0,29.0,19.0,0.0,ESE,14.0
1018.0,18.0,2018-02-14,61.0,30.0,18.0,0.0,E,16.0
1018.0,9.0,2018-02-15,59.0,30.0,18.0,0.0,E,15.0
1017.0,15.0,2018-02-16,41.0,30.0,19.0,0.0,E,12.0
1013.0,18.0,2018-02-17,40.0,30.0,18.0,0.0,ENE,12.0
1012.0,0.0,2018-02-18,42.0,30.0,18.0,0.0,E,12.0
1013.0,1.0,2018-02-19,40.0,30.0,18.0,0.0,E,13.0
1013.0,3.0,2018-02-20,41.0,31.0,18.0,0.0,E,14.0
1012.0,2.0,2018-02-21,34.0,31.0,19.0,0.0,E,16.0
1011.0,2.0,2018-02-22,34.0,31.0,19.0,0.0,E,14.0
1012.0,0.0,2018-02-23,32.0,30.0,19.0,0.0,E,15.0
1013.0,1.0,2018-02-24,42.0,30.0,17.0,0.0,E,14.0
1014.0,1.0,2018-02-25,42.0,31.0,17.0,0.0,E,14.0
1013.0,0.0,2018-02-26,35.0,31.0,18.0,0.0,E,12.0
1012.0,0.0,2018-02-27,34.0,32.0,19.0,0.0,E,15.0
1012.0,0.0,2018-02-28,28.0,32.0,18.0,0.0,E,14.0
1012.0,0.0,2018-03-01,30.0,32.0,19.0,0.0,E,14.0
1011.0,0.0,2018-03-02,26.0,32.0,19.0,0.0,E,14.0
1011.0,0.0,2018-03-03,19.0,33.0,20.0,0.0,ENE,11.0
1011.0,0.0,2018-03-04,19.0,33.0,20.0,0.0,ESE,11.0
1011.0,0.0,2018-03-05,20.0,33.0,20.0,0.0,E,13.0
1012.0,0.0,2018-03-06,24.0,33.0,19.0,0.0,E,11.0
1012.0,0.0,2018-03-07,28.0,33.0,19.0,0.0,ESE,14.0
1012.0,1.0,2018-03-08,31.0,33.0,20.0,0.0,ESE,15.0
1012.0,2.0,2018-03-09,28.0,33.0,20.0,0.0,ESE,13.0
1012.0,3.0,2018-03-10,35.0,33.0,20.0,0.0,E,14.0
1012.0,0.0,2018-03-11,32.0,33.0,21.0,0.0,E,16.0
1013.0,2.0,2018-03-12,39.0,33.0,20.0,0.0,E,17.0
1012.0,18.0,2018-03-13,56.0,32.0,20.0,0.1,ESE,16.0
1011.0,36.0,2018-03-14,52.0,32.0,22.0,1.7,SE,14.0
1011.0,37.0,2018-03-15,54.0,33.0,22.0,0.5,SSE,11.0
1010.0,47.0,2018-03-16,62.0,30.0,23.0,17.6,SW,6.0
1011.0,33.0,2018-03-17,65.0,29.0,22.0,13.9,ESE,9.0
1012.0,30.0,2018-03-18,67.0,28.0,21.0,1.5,ESE,12.0
1013.0,9.0,2018-03-19,48.0,31.0,21.0,0.0,ESE,12.0
1012.0,6.0,2018-03-20,37.0,33.0,22.0,0.0,ESE,11.0
1011.0,10.0,2018-03-21,38.0,33.0,22.0,0.0,SSE,7.0
1009.0,20.0,2018-03-22,43.0,31.0,24.0,1.6,SW,9.0
1009.0,12.0,2018-03-23,36.0,34.0,24.0,0.0,SSE,10.0
1011.0,30.0,2018-03-24,43.0,31.0,25.0,0.6,ESE,10.0
1013.0,6.0,2018-03-25,38.0,34.0,23.0,0.0,ESE,15.0
1013.0,4.0,2018-03-26,35.0,34.0,22.0,0.0,ESE,14.0
1012.0,5.0,2018-03-27,37.0,33.0,22.0,0.0,SE,9.0
1011.0,7.0,2018-03-28,40.0,34.0,24.0,0.0,SE,8.0
1010.0,18.0,2018-03-29,42.0,33.0,25.0,0.0,S,8.0
1010.0,21.0,2018-03-30,50.0,32.0,25.0,0.1,SSE,9.0
1009.0,17.0,2018-03-31,47.0,32.0,24.0,0.4,S,10.0
1009.0,18.0,2018-04-01,44.0,34.0,22.0,0.0,SSE,11.0
1010.0,20.0,2018-04-02,45.0,32.0,24.0,0.5,SE,9.0
1010.0,11.0,2018-04-03,39.0,33.0,25.0,0.1,ESE,11.0
1008.0,3.0,2018-04-04,40.0,34.0,24.0,0.0,ESE,13.0
1008.0,4.0,2018-04-05,38.0,34.0,23.0,0.0,SE,12.0
1009.0,11.0,2018-04-06,37.0,34.0,24.0,0.0,SE,10.0
1010.0,6.0,2018-04-07,35.0,34.0,24.0,0.0,ESE,12.0
1010.0,3.0,2018-04-08,42.0,34.0,22.0,0.0,ESE,15.0
1011.0,9.0,2018-04-09,46.0,34.0,21.0,0.0,ESE,15.0
1010.0,7.0,2018-04-10,44.0,33.0,22.0,0.0,ESE,14.0
1010.0,9.0,2018-04-11,47.0,33.0,22.0,0.0,E,12.0
1009.0,17.0,2018-04-12,47.0,33.0,23.0,0.1,ESE,11.0
1010.0,10.0,2018-04-13,47.0,35.0,23.0,0.3,ESE,13.0
1009.0,13.0,2018-04-14,48.0,35.0,24.0,1.1,SE,12.0
1010.0,19.0,2018-04-15,48.0,34.0,24.0,0.3,SE,12.0
1010.0,23.0,2018-04-16,48.0,33.0,25.0,0.1,ESE,10.0
1011.0,7.0,2018-04-17,44.0,35.0,24.0,0.3,ESE,12.0
1010.0,8.0,2018-04-18,36.0,36.0,25.0,0.0,SE,9.0
1009.0,13.0,2018-04-19,38.0,36.0,26.0,0.0,SSE,8.0
1009.0,32.0,2018-04-20,50.0,33.0,25.0,4.7,S,8.0
1008.0,25.0,2018-04-21,47.0,34.0,25.0,0.1,S,7.0
1009.0,21.0,2018-04-22,46.0,34.0,25.0,0.3,S,7.0
1009.0,16.0,2018-04-23,45.0,33.0,25.0,0.5,SW,8.0
1009.0,20.0,2018-04-24,43.0,34.0,25.0,0.0,S,7.0
1009.0,20.0,2018-04-25,46.0,33.0,25.0,0.3,SSW,7.0
1008.0,25.0,2018-04-26,44.0,33.0,25.0,0.0,SSE,9.0
1009.0,6.0,2018-04-27,39.0,35.0,25.0,0.0,ESE,12.0
1010.0,3.0,2018-04-28,42.0,35.0,24.0,0.0,SE,11.0
1009.0,13.0,2018-04-29,40.0,35.0,25.0,0.0,SSW,8.0
1008.0,14.0,2018-04-30,48.0,35.0,26.0,0.3,WSW,12.0
1008.0,9.0,2018-05-01,48.0,36.0,24.0,0.0,WSW,10.0
1009.0,25.0,2018-05-02,55.0,34.0,25.0,2.0,SW,11.0
1009.0,16.0,2018-05-03,56.0,31.0,24.0,3.1,SE,11.0
1010.0,9.0,2018-05-04,52.0,33.0,23.0,0.5,SSE,8.0
1010.0,20.0,2018-05-05,50.0,34.0,25.0,0.0,SE,10.0
1010.0,7.0,2018-05-06,46.0,35.0,24.0,0.0,SE,10.0
1009.0,21.0,2018-05-07,47.0,33.0,24.0,0.0,SSE,9.0
1009.0,44.0,2018-05-08,50.0,33.0,25.0,5.2,SSE,13.0
1009.0,38.0,2018-05-09,56.0,32.0,23.0,0.2,S,10.0
1011.0,48.0,2018-05-10,62.0,31.0,24.0,6.5,S,11.0
1009.0,53.0,2018-05-11,55.0,34.0,24.0,1.7,SW,6.0
1009.0,31.0,2018-05-12,60.0,31.0,24.0,1.5,WSW,7.0
1009.0,31.0,2018-05-13,54.0,33.0,24.0,3.9,SSE,7.0
1009.0,36.0,2018-05-14,58.0,31.0,24.0,10.8,SW,9.0
1009.0,37.0,2018-05-15,52.0,31.0,24.0,0.4,SE,10.0
1008.0,24.0,2018-05-16,50.0,33.0,23.0,0.0,ESE,8.0
1007.0,27.0,2018-05-17,51.0,33.0,24.0,0.0,S,7.0
1007.0,29.0,2018-05-18,55.0,33.0,24.0,0.1,W,11.0
1007.0,28.0,2018-05-19,52.0,34.0,25.0,2.1,SSW,8.0
1007.0,27.0,2018-05-20,53.0,34.0,23.0,7.0,W,9.0
1007.0,42.0,2018-05-21,62.0,33.0,24.0,6.7,W,9.0
1008.0,20.0,2018-05-22,58.0,32.0,23.0,6.1,WSW,9.0
1007.0,22.0,2018-05-23,55.0,32.0,25.0,0.3,SW,7.0
1006.0,22.0,2018-05-24,59.0,31.0,25.0,2.9,WNW,10.0
1006.0,46.0,2018-05-25,71.0,31.0,23.0,14.3,WSW,12.0
1006.0,39.0,2018-05-26,70.0,31.0,23.0,12.2,SE,10.0
1005.0,23.0,2018-05-27,63.0,33.0,24.0,2.7,SE,11.0
1004.0,24.0,2018-05-28,63.0,32.0,24.0,2.1,S,9.0
1005.0,33.0,2018-05-29,69.0,31.0,22.0,5.2,WSW,17.0
1005.0,43.0,2018-05-30,71.0,32.0,23.0,34.1,WNW,11.0
1006.0,33.0,2018-05-31,69.0,31.0,23.0,6.8,WSW,11.0
1007.0,36.0,2018-06-01,68.0,31.0,24.0,5.7,SW,7.0
1008.0,35.0,2018-06-02,68.0,30.0,23.0,13.0,W,10.0
1007.0,56.0,2018-06-03,72.0,29.0,23.0,4.2,W,11.0
1006.0,60.0,2018-06-04,76.0,27.0,23.0,4.2,WSW,13.0
1006.0,33.0,2018-06-05,71.0,30.0,21.0,8.0,WSW,14.0
1008.0,41.0,2018-06-06,72.0,29.0,23.0,8.0,WSW,17.0
1008.0,58.0,2018-06-07,73.0,30.0,22.0,2.0,WSW,24.0
1006.0,85.0,2018-06-08,78.0,27.0,22.0,1.3,WSW,28.0
1005.0,53.0,2018-06-09,71.0,28.0,22.0,0.5,W,30.0
1007.0,40.0,2018-06-10,70.0,29.0,21.0,0.7,W,28.0
1007.0,67.0,2018-06-11,71.0,29.0,22.0,0.2,W,27.0
1007.0,44.0,2018-06-12,69.0,29.0,22.0,0.0,WSW,26.0
1008.0,43.0,2018-06-13,67.0,30.0,22.0,0.0,W,23.0
1008.0,49.0,2018-06-14,70.0,30.0,22.0,1.9,WSW,19.0
1009.0,33.0,2018-06-15,68.0,31.0,21.0,7.0,W,15.0
1010.0,18.0,2018-06-16,65.0,32.0,21.0,2.3,W,17.0
1010.0,24.0,2018-06-17,65.0,31.0,21.0,0.0,W,21.0
1009.0,16.0,2018-06-18,64.0,30.0,21.0,0.4,WSW,21.0
1008.0,28.0,2018-06-19,67.0,29.0,21.0,0.1,WSW,23.0
1007.0,36.0,2018-06-20,68.0,30.0,22.0,0.0,WSW,21.0
1007.0,61.0,2018-06-21,72.0,29.0,22.0,3.9,WSW,22.0
1007.0,53.0,2018-06-22,70.0,28.0,21.0,3.5,W,18.0
1007.0,46.0,2018-06-23,72.0,28.0,21.0,10.0,W,17.0
1008.0,45.0,2018-06-24,70.0,29.0,21.0,5.0,W,19.0
1007.0,39.0,2018-06-25,72.0,29.0,21.0,9.4,WSW,20.0
1007.0,40.0,2018-06-26,68.0,29.0,21.0,0.0,W,26.0
1006.0,69.0,2018-06-27,71.0,27.0,21.0,0.7,W,24.0
1007.0,60.0,2018-06-28,72.0,26.0,21.0,0.1,WSW,20.0
1007.0,42.0,2018-06-29,70.0,29.0,20.0,1.0,WSW,15.0
1008.0,26.0,2018-06-30,66.0,30.0,21.0,1.7,W,12.0
1008.0,39.0,2018-07-01,67.0,29.0,21.0,6.2,W,11.0
1008.0,38.0,2018-07-02,70.0,30.0,22.0,11.8,WSW,16.0
1009.0,49.0,2018-07-03,71.0,28.0,21.0,1.1,W,16.0
1010.0,27.0,2018-07-04,67.0,29.0,21.0,0.0,W,20.0
1009.0,14.0,2018-07-05,63.0,30.0,21.0,0.0,W,22.0
1008.0,47.0,2018-07-06,71.0,27.0,21.0,5.3,W,22.0
1007.0,84.0,2018-07-07,78.0,25.0,21.0,1.6,W,23.0
1007.0,80.0,2018-07-08,75.0,26.0,21.0,3.8,W,23.0
1006.0,65.0,2018-07-09,72.0,28.0,21.0,4.1,W,22.0
1007.0,55.0,2018-07-10,73.0,28.0,21.0,7.4,WSW,22.0
1008.0,63.0,2018-07-11,74.0,27.0,21.0,2.9,WSW,25.0
1007.0,58.0,2018-07-12,71.0,27.0,21.0,0.0,W,28.0
1007.0,50.0,2018-07-13,71.0,27.0,21.0,0.5,W,26.0
1006.0,52.0,2018-07-14,70.0,27.0,21.0,0.2,W,28.0
1006.0,68.0,2018-07-15,70.0,27.0,22.0,0.4,W,28.0
1006.0,54.0,2018-07-16,68.0,27.0,21.0,0.1,W,30.0
1007.0,54.0,2018-07-17,68.0,28.0,21.0,0.1,W,29.0
1007.0,47.0,2018-07-18,66.0,29.0,21.0,0.1,W,26.0
1007.0,57.0,2018-07-19,68.0,29.0,22.0,0.3,W,26.0
1007.0,66.0,2018-07-20,68.0,29.0,22.0,0.1,W,28.0
1009.0,57.0,2018-07-21,67.0,28.0,22.0,0.2,W,28.0
1008.0,50.0,2018-07-22,66.0,28.0,22.0,0.0,W,26.0
1008.0,58.0,2018-07-23,70.0,27.0,21.0,0.4,W,23.0
1009.0,52.0,2018-07-24,71.0,27.0,21.0,0.9,W,22.0
1009.0,48.0,2018-07-25,70.0,28.0,21.0,0.4,W,21.0
1010.0,35.0,2018-07-26,67.0,29.0,21.0,2.6,W,19.0
1009.0,51.0,2018-07-27,69.0,28.0,21.0,0.1,W,22.0
1009.0,57.0,2018-07-28,69.0,28.0,21.0,5.6,W,20.0
1008.0,49.0,2018-07-29,70.0,29.0,21.0,1.3,W,18.0
1008.0,37.0,2018-07-30,68.0,30.0,21.0,3.9,W,16.0
1009.0,50.0,2018-07-31,69.0,28.0,21.0,0.1,W,22.0
1010.0,42.0,2018-08-01,68.0,28.0,21.0,0.1,W,22.0
1010.0,27.0,2018-08-02,66.0,31.0,21.0,5.8,W,19.0
1011.0,47.0,2018-08-03,68.0,29.0,21.0,3.0,W,17.0
1010.0,47.0,2018-08-04,70.0,28.0,21.0,0.3,W,19.0
1010.0,50.0,2018-08-05,68.0,28.0,21.0,1.5,W,21.0
1009.0,41.0,2018-08-06,67.0,27.0,21.0,0.1,W,25.0
1008.0,55.0,2018-08-07,69.0,26.0,20.0,4.0,W,25.0
1007.0,57.0,2018-08-08,70.0,28.0,20.0,0.0,W,23.0
1009.0,37.0,2018-08-09,69.0,29.0,20.0,0.3,W,22.0
1011.0,60.0,2018-08-10,71.0,28.0,20.0,6.2,W,20.0
1010.0,81.0,2018-08-11,78.0,24.0,21.0,3.2,W,21.0
1008.0,86.0,2018-08-12,81.0,24.0,20.0,5.1,W,24.0
1008.0,76.0,2018-08-13,75.0,26.0,20.0,0.3,W,28.0
1007.0,73.0,2018-08-14,80.0,24.0,21.0,4.0,W,24.0
1006.0,68.0,2018-08-15,80.0,26.0,20.0,9.1,W,20.0
1007.0,73.0,2018-08-16,81.0,24.0,21.0,1.6,W,24.0
1006.0,57.0,2018-08-17,73.0,27.0,20.0,0.2,W,26.0
1007.0,52.0,2018-08-18,70.0,28.0,20.0,1.3,W,26.0
1007.0,64.0,2018-08-19,71.0,27.0,21.0,0.3,W,24.0
1008.0,56.0,2018-08-20,71.0,27.0,21.0,0.3,W,25.0
1009.0,34.0,2018-08-21,68.0,28.0,20.0,0.0,W,23.0
1009.0,41.0,2018-08-22,70.0,29.0,20.0,1.3,W,19.0
1010.0,44.0,2018-08-23,72.0,28.0,21.0,6.6,WNW,18.0
1010.0,45.0,2018-08-24,73.0,28.0,20.0,8.3,WNW,18.0
1009.0,51.0,2018-08-25,75.0,27.0,20.0,7.1,WNW,15.0
1008.0,52.0,2018-08-26,76.0,28.0,20.0,5.7,W,16.0
1008.0,51.0,2018-08-27,75.0,28.0,20.0,3.2,W,19.0
1009.0,56.0,2018-08-28,76.0,28.0,20.0,2.6,W,16.0
1010.0,44.0,2018-08-29,76.0,28.0,20.0,3.5,W,16.0
1009.0,48.0,2018-08-30,76.0,27.0,20.0,10.0,WNW,16.0
1010.0,61.0,2018-08-31,75.0,28.0,21.0,8.8,WNW,16.0
1011.0,38.0,2018-09-01,74.0,28.0,20.0,4.0,WNW,14.0
1011.0,33.0,2018-09-02,71.0,29.0,20.0,2.7,WNW,14.0
1010.0,24.0,2018-09-03,66.0,29.0,20.0,0.0,NW,12.0
1011.0,20.0,2018-09-04,65.0,29.0,20.0,0.0,W,12.0
1010.0,33.0,2018-09-05,69.0,28.0,20.0,2.6,WNW,14.0
1009.0,31.0,2018-09-06,70.0,29.0,20.0,1.2,W,15.0
1010.0,30.0,2018-09-07,71.0,28.0,20.0,1.7,W,16.0
1010.0,22.0,2018-09-08,66.0,30.0,19.0,0.0,WNW,13.0
1010.0,27.0,2018-09-09,63.0,29.0,21.0,0.0,W,7.0
1012.0,36.0,2018-09-10,66.0,28.0,22.0,6.5,WSW,7.0
1012.0,33.0,2018-09-11,65.0,30.0,22.0,3.2,S,5.0
1011.0,29.0,2018-09-12,62.0,30.0,22.0,2.5,W,7.0
1010.0,30.0,2018-09-13,68.0,28.0,23.0,8.2,WNW,5.0
1010.0,21.0,2018-09-14,57.0,31.0,22.0,0.7,W,5.0
1011.0,36.0,2018-09-15,68.0,30.0,22.0,5.3,WSW,11.0
1009.0,40.0,2018-09-16,72.0,29.0,21.0,5.5,SW,9.0
1009.0,39.0,2018-09-17,75.0,27.0,20.0,0.4,W,15.0
1009.0,39.0,2018-09-18,70.0,29.0,21.0,0.5,WNW,15.0
1009.0,35.0,2018-09-19,73.0,26.0,20.0,0.4,WNW,14.0
1007.0,40.0,2018-09-20,76.0,25.0,20.0,2.2,WNW,12.0
1008.0,34.0,2018-09-21,74.0,28.0,20.0,3.6,W,13.0
1010.0,19.0,2018-09-22,66.0,29.0,18.0,0.0,SW,10.0
1012.0,42.0,2018-09-23,69.0,29.0,21.0,8.9,SE,4.0
1012.0,28.0,2018-09-24,66.0,29.0,22.0,2.1,SE,6.0
1011.0,30.0,2018-09-25,70.0,29.0,22.0,10.5,SSE,6.0
1010.0,23.0,2018-09-26,70.0,29.0,22.0,6.4,SE,6.0
1010.0,19.0,2018-09-27,69.0,30.0,21.0,2.7,ESE,9.0
1010.0,33.0,2018-09-28,73.0,28.0,21.0,6.2,E,9.0
1010.0,38.0,2018-09-29,73.0,29.0,21.0,7.1,E,11.0
1010.0,37.0,2018-09-30,74.0,28.0,21.0,0.8,E,10.0
1010.0,24.0,2018-10-01,69.0,30.0,21.0,2.1,E,12.0
1011.0,28.0,2018-10-02,73.0,29.0,21.0,1.2,E,11.0
1011.0,43.0,2018-10-03,73.0,29.0,21.0,3.9,E,10.0
1011.0,58.0,2018-10-04,82.0,26.0,21.0,3.6,E,14.0
1011.0,76.0,2018-10-05,86.0,26.0,21.0,5.8,E,15.0
1011.0,51.0,2018-10-06,82.0,27.0,20.0,2.8,E,14.0
1011.0,39.0,2018-10-07,75.0,29.0,20.0,0.1,E,11.0
1010.0,18.0,2018-10-08,63.0,29.0,20.0,0.0,ENE,8.0
1010.0,35.0,2018-10-09,63.0,29.0,21.0,0.3,SE,6.0
1009.0,10.0,2018-10-10,55.0,28.0,21.0,0.0,W,8.0
1009.0,12.0,2018-10-11,50.0,30.0,20.0,0.0,SW,8.0
1013.0,33.0,2018-10-15,74.0,30.0,21.0,13.3,SSW,6.0
1013.0,41.0,2018-10-16,77.0,28.0,21.0,15.1,SE,9.0
1013.0,40.0,2018-10-17,77.0,27.0,20.0,9.9,SSW,6.0
1013.0,55.0,2018-10-18,76.0,28.0,20.0,4.5,SSW,5.0
1013.0,43.0,2018-10-19,76.0,26.0,21.0,5.7,E,8.0
1014.0,19.0,2018-10-20,66.0,28.0,20.0,0.0,ENE,9.0
1014.0,21.0,2018-10-21,64.0,28.0,19.0,0.0,ENE,10.0
1014.0,9.0,2018-10-22,59.0,28.0,19.0,0.0,ENE,11.0
1014.0,5.0,2018-10-23,59.0,29.0,19.0,0.0,ENE,10.0
1014.0,4.0,2018-10-24,58.0,29.0,19.0,0.0,E,12.0
1015.0,9.0,2018-10-25,62.0,28.0,19.0,0.0,ENE,13.0
1015.0,13.0,2018-10-26,67.0,28.0,19.0,0.1,ENE,14.0
1015.0,7.0,2018-10-27,54.0,28.0,18.0,0.0,ENE,13.0
1014.0,2.0,2018-10-28,53.0,28.0,18.0,0.0,NE,14.0
1012.0,2.0,2018-10-29,49.0,28.0,18.0,0.0,NNE,11.0
1012.0,7.0,2018-10-30,55.0,29.0,18.0,0.0,NNE,9.0
1011.0,28.0,2018-10-31,74.0,28.0,19.0,0.7,NE,10.0
1012.0,31.0,2018-11-01,74.0,28.0,19.0,1.0,NE,12.0
1012.0,52.0,2018-11-02,83.0,26.0,20.0,2.2,E,13.0
1013.0,52.0,2018-11-03,82.0,27.0,20.0,1.2,E,14.0
1014.0,41.0,2018-11-04,79.0,27.0,18.0,2.4,E,14.0
1013.0,35.0,2018-11-05,76.0,28.0,19.0,0.1,E,14.0
1014.0,22.0,2018-11-06,72.0,28.0,20.0,0.5,E,10.0
1014.0,7.0,2018-11-07,62.0,28.0,19.0,0.0,ENE,11.0
1013.0,8.0,2018-11-08,57.0,28.0,17.0,0.0,ENE,11.0
1012.0,14.0,2018-11-09,66.0,28.0,18.0,0.0,ENE,11.0
1013.0,7.0,2018-11-10,62.0,29.0,18.0,0.0,ENE,11.0
1013.0,4.0,2018-11-11,58.0,28.0,18.0,0.0,NE,9.0
1013.0,4.0,2018-11-12,54.0,28.0,18.0,0.0,NNE,9.0
1011.0,1.0,2018-11-13,42.0,28.0,18.0,0.0,SE,8.0
1011.0,2.0,2018-11-14,41.0,29.0,17.0,0.0,ENE,7.0
1012.0,21.0,2018-11-15,63.0,28.0,18.0,0.1,NE,14.0
1012.0,54.0,2018-11-16,84.0,26.0,20.0,2.6,ENE,19.0
1012.0,37.0,2018-11-17,76.0,28.0,19.0,0.4,ESE,12.0
1013.0,30.0,2018-11-18,78.0,28.0,20.0,5.5,ESE,11.0
1014.0,40.0,2018-11-19,79.0,27.0,20.0,0.4,E,11.0
1014.0,24.0,2018-11-20,74.0,28.0,19.0,0.4,ENE,13.0
1014.0,54.0,2018-11-21,79.0,25.0,19.0,1.7,NE,17.0
1015.0,83.0,2018-11-22,87.0,24.0,20.0,1.6,ENE,18.0
1016.0,79.0,2018-11-23,86.0,26.0,20.0,2.1,E,15.0
1017.0,50.0,2018-11-24,73.0,28.0,19.0,0.0,E,10.0
1016.0,31.0,2018-11-25,72.0,28.0,19.0,0.0,ENE,9.0
1014.0,19.0,2018-11-26,67.0,28.0,18.0,0.0,ENE,11.0
1015.0,8.0,2018-11-27,69.0,26.0,16.0,0.0,E,12.0
1015.0,13.0,2018-11-28,71.0,27.0,15.0,0.0,E,13.0
1016.0,50.0,2018-11-29,79.0,26.0,18.0,0.4,E,12.0
1016.0,35.0,2018-11-30,73.0,28.0,19.0,0.1,E,11.0
1014.0,27.0,2018-12-01,67.0,27.0,18.0,0.0,ENE,11.0
1013.0,18.0,2018-12-02,68.0,27.0,17.0,0.0,E,11.0
1013.0,46.0,2018-12-03,79.0,25.0,18.0,0.1,E,12.0
1014.0,56.0,2018-12-04,81.0,26.0,18.0,0.7,E,12.0
1013.0,46.0,2018-12-05,76.0,27.0,19.0,0.1,E,10.0
1012.0,55.0,2018-12-06,79.0,27.0,19.0,0.4,E,11.0
1013.0,30.0,2018-12-07,72.0,28.0,19.0,0.1,E,12.0
1014.0,22.0,2018-12-08,74.0,28.0,18.0,0.7,E,12.0
1013.0,19.0,2018-12-09,69.0,28.0,18.0,0.0,E,12.0
1013.0,20.0,2018-12-10,65.0,28.0,18.0,0.0,E,8.0
1013.0,18.0,2018-12-11,59.0,28.0,19.0,0.0,ESE,7.0
1014.0,23.0,2018-12-12,60.0,27.0,19.0,0.0,ESE,7.0
1014.0,35.0,2018-12-13,65.0,26.0,19.0,0.1,ESE,8.0
1014.0,18.0,2018-12-14,60.0,28.0,18.0,0.0,ENE,12.0
1015.0,11.0,2018-12-15,67.0,26.0,18.0,0.0,NE,17.0
1014.0,7.0,2018-12-16,62.0,26.0,17.0,0.0,ENE,15.0
1013.0,6.0,2018-12-17,48.0,26.0,16.0,0.0,NNW,11.0
1014.0,5.0,2018-12-18,49.0,27.0,16.0,0.0,S,10.0
1015.0,19.0,2018-12-19,65.0,27.0,16.0,0.0,ENE,8.0
1015.0,30.0,2018-12-20,66.0,27.0,17.0,0.1,E,10.0
1014.0,47.0,2018-12-21,70.0,26.0,18.0,0.3,ENE,9.0
1014.0,42.0,2018-12-22,69.0,28.0,19.0,0.3,ENE,12.0
1014.0,50.0,2018-12-23,72.0,27.0,19.0,0.3,E,13.0
1014.0,40.0,2018-12-24,69.0,28.0,19.0,0.1,E,12.0
1014.0,13.0,2018-12-25,63.0,29.0,19.0,0.0,E,12.0
1014.0,21.0,2018-12-26,55.0,29.0,18.0,0.0,ESE,10.0
1013.0,28.0,2018-12-27,61.0,27.0,19.0,0.3,S,7.0
1013.0,35.0,2018-12-28,70.0,28.0,19.0,2.1,ESE,10.0
1015.0,45.0,2018-12-29,74.0,25.0,19.0,1.1,E,13.0
1017.0,31.0,2018-12-30,65.0,26.0,17.0,0.0,E,13.0
1018.0,17.0,2018-12-31,60.0,25.0,17.0,0.0,ENE,12.0
1018.0,1.0,2019-01-01,52.0,26.0,16.0,0.0,ENE,12.0
1019.0,1.0,2019-01-02,56.0,26.0,15.0,0.0,E,15.0
1019.0,0.0,2019-01-03,53.0,27.0,15.0,0.0,E,15.0
1018.0,0.0,2019-01-04,52.0,26.0,16.0,0.0,E,15.0
1017.0,0.0,2019-01-05,50.0,27.0,16.0,0.0,E,14.0
1015.0,1.0,2019-01-06,57.0,28.0,16.0,0.0,E,12.0
1015.0,2.0,2019-01-07,56.0,28.0,16.0,0.0,E,12.0
1015.0,0.0,2019-01-08,48.0,28.0,19.0,0.0,NE,12.0
1015.0,0.0,2019-01-09,40.0,29.0,18.0,0.0,E,12.0
1015.0,0.0,2019-01-10,48.0,29.0,17.0,0.0,E,13.0
1015.0,4.0,2019-01-11,55.0,30.0,16.0,0.0,ENE,11.0
1015.0,6.0,2019-01-12,58.0,28.0,16.0,0.0,E,13.0
1015.0,0.0,2019-01-13,53.0,30.0,17.0,0.0,E,12.0
1015.0,2.0,2019-01-14,53.0,29.0,17.0,0.0,ENE,12.0
1015.0,0.0,2019-01-15,40.0,28.0,17.0,0.0,ENE,14.0
1015.0,1.0,2019-01-16,47.0,28.0,17.0,0.0,E,14.0
1014.0,1.0,2019-01-17,56.0,28.0,17.0,0.0,ENE,14.0
1014.0,14.0,2019-01-18,57.0,28.0,17.0,0.0,ENE,14.0
1015.0,0.0,2019-01-19,46.0,29.0,17.0,0.0,ENE,14.0
1016.0,0.0,2019-01-20,43.0,28.0,16.0,0.0,E,14.0
1015.0,0.0,2019-01-21,42.0,29.0,17.0,0.0,ESE,13.0
1015.0,0.0,2019-01-22,51.0,32.0,18.0,0.0,SE,9.0
1014.0,20.0,2019-01-23,59.0,30.0,17.0,0.0,SE,10.0
1014.0,22.0,2019-01-24,60.0,30.0,18.0,0.0,SSE,14.0
1014.0,23.0,2019-01-25,63.0,27.0,18.0,0.0,SSE,14.0
1014.0,75.0,2019-01-26,71.0,28.0,19.0,2.6,SSE,14.0
1015.0,72.0,2019-01-27,69.0,27.0,19.0,2.3,SSE,15.0
1015.0,78.0,2019-01-28,72.0,27.0,19.0,9.7,S,14.0
1016.0,54.0,2019-01-29,69.0,26.0,18.0,7.2,E,14.0
1016.0,23.0,2019-01-30,63.0,26.0,18.0,0.0,E,14.0
1016.0,26.0,2019-01-31,60.0,27.0,17.0,0.0,E,17.0
1015.0,12.0,2019-02-01,60.0,27.0,17.0,0.0,ESE,14.0
1014.0,22.0,2019-02-02,61.0,28.0,17.0,0.0,E,13.0
1015.0,16.0,2019-02-03,59.0,29.0,18.0,0.0,ESE,16.0
1017.0,9.0,2019-02-04,59.0,29.0,17.0,0.0,E,18.0
1016.0,7.0,2019-02-05,57.0,29.0,19.0,0.0,E,16.0
1014.0,9.0,2019-02-06,48.0,29.0,19.0,0.0,ESE,16.0
1013.0,9.0,2019-02-07,45.0,30.0,20.0,0.0,SE,14.0
1013.0,13.0,2019-02-08,50.0,31.0,20.0,0.0,SSE,12.0
1013.0,13.0,2019-02-09,50.0,31.0,20.0,0.0,SSE,12.0
1013.0,13.0,2019-02-10,50.0,31.0,20.0,0.0,SSE,12.0
1013.0,13.0,2019-02-11,50.0,31.0,20.0,0.0,SSE,12.0
1013.0,13.0,2019-02-12,50.0,31.0,20.0,0.0,SSE,12.0
1013.0,13.0,2019-02-13,50.0,31.0,20.0,0.0,SSE,12.0
1013.0,13.0,2019-02-14,50.0,31.0,20.0,0.0,SSE,12.0
1013.0,13.0,2019-02-15,50.0,31.0,20.0,0.0,SSE,12.0
1013.0,13.0,2019-02-16,50.0,31.0,20.0,0.0,SSE,12.0
1013.0,13.0,2019-02-17,50.0,31.0,20.0,0.0,SSE,12.0
1013.0,13.0,2019-02-18,50.0,31.0,20.0,0.0,SSE,12.0
1013.0,13.0,2019-02-19,50.0,31.0,20.0,0.0,SSE,12.0
1015.0,9.0,2019-02-20,57.0,32.0,21.0,0.0,ESE,18.0
1017.0,1.0,2019-02-21,47.0,30.0,21.0,0.0,E,17.0
1015.0,0.0,2019-02-22,34.0,31.0,20.0,0.0,E,19.0
1013.0,0.0,2019-02-23,27.0,32.0,21.0,0.0,E,17.0
1012.0,0.0,2019-02-24,27.0,33.0,22.0,0.0,ESE,15.0
1011.0,0.0,2019-02-25,25.0,34.0,22.0,0.0,SE,12.0
1010.0,3.0,2019-02-26,36.0,34.0,22.0,0.0,WNW,11.0
1009.0,6.0,2019-02-27,41.0,34.0,23.0,0.0,W,9.0
1010.0,6.0,2019-02-28,34.0,33.0,23.0,0.0,NNW,12.0
1010.0,30.0,2019-03-01,52.0,34.0,24.0,1.4,SE,12.0
1011.0,49.0,2019-03-02,57.0,32.0,21.0,0.4,ESE,17.0
1011.0,28.0,2019-03-03,58.0,30.0,21.0,0.0,E,9.0
1010.0,19.0,2019-03-04,49.0,34.0,22.0,0.0,SSE,11.0
1009.0,53.0,2019-03-05,45.0,33.0,25.0,2.1,WSW,10.0
1010.0,24.0,2019-03-06,35.0,36.0,25.0,0.4,NNW,8.0
1009.0,1.0,2019-03-07,20.0,38.0,27.0,0.0,W,7.0
1011.0,0.0,2019-03-08,26.0,37.0,26.0,0.0,WSW,8.0
1013.0,65.0,2019-03-09,53.0,31.0,23.0,0.5,ESE,11.0
1013.0,52.0,2019-03-10,50.0,31.0,24.0,0.2,ESE,11.0
1014.0,21.0,2019-03-11,44.0,33.0,24.0,0.1,ESE,15.0
1014.0,5.0,2019-03-12,34.0,33.0,22.0,0.0,SE,17.0
1014.0,4.0,2019-03-13,30.0,33.0,22.0,0.0,ESE,17.0
1014.0,12.0,2019-03-14,27.0,33.0,23.0,0.0,ESE,19.0
1014.0,5.0,2019-03-15,26.0,33.0,22.0,0.0,ESE,19.0
1014.0,1.0,2019-03-16,31.0,32.0,21.0,0.0,ESE,18.0
1013.0,0.0,2019-03-17,35.0,33.0,21.0,0.0,ESE,13.0
1012.0,3.0,2019-03-18,43.0,35.0,21.0,0.0,ESE,11.0
1011.0,7.0,2019-03-19,44.0,34.0,23.0,0.0,SE,13.0
1011.0,20.0,2019-03-20,46.0,32.0,23.0,0.0,SE,13.0
1012.0,13.0,2019-03-21,39.0,34.0,23.0,0.0,SE,12.0
1012.0,12.0,2019-03-22,39.0,35.0,23.0,0.0,SE,12.0
1012.0,23.0,2019-03-23,43.0,33.0,24.0,0.0,E,10.0
1011.0,11.0,2019-03-24,36.0,34.0,25.0,0.0,E,12.0
1011.0,6.0,2019-03-25,36.0,35.0,24.0,0.0,E,17.0
1012.0,4.0,2019-03-26,33.0,34.0,23.0,0.0,E,16.0
1014.0,1.0,2019-03-27,32.0,35.0,23.0,0.0,ENE,13.0
1012.0,2.0,2019-03-28,32.0,36.0,23.0,0.0,ENE,13.0
1011.0,4.0,2019-03-29,29.0,35.0,25.0,0.0,ESE,13.0
1010.0,4.0,2019-03-30,30.0,35.0,25.0,0.0,ESE,13.0
1011.0,3.0,2019-03-31,37.0,36.0,24.0,0.0,SE,11.0
1011.0,3.0,2019-04-01,33.0,36.0,25.0,0.0,ESE,13.0
1011.0,5.0,2019-04-02,35.0,34.0,25.0,0.0,SE,9.0
1011.0,5.0,2019-04-03,37.0,33.0,25.0,0.0,ESE,14.0
1012.0,2.0,2019-04-04,33.0,35.0,24.0,0.0,ESE,18.0
1012.0,3.0,2019-04-05,33.0,35.0,24.0,0.0,E,13.0
1011.0,2.0,2019-04-06,30.0,35.0,26.0,0.0,E,12.0
1010.0,3.0,2019-04-07,28.0,36.0,26.0,0.0,E,13.0
1009.0,6.0,2019-04-08,37.0,34.0,26.0,0.0,SE,12.0
1010.0,45.0,2019-04-09,42.0,34.0,25.0,1.7,ESE,11.0
1010.0,9.0,2019-04-10,38.0,34.0,27.0,0.0,E,10.0
1010.0,5.0,2019-04-11,36.0,36.0,26.0,0.0,ESE,9.0
1009.0,5.0,2019-04-12,31.0,36.0,26.0,0.0,ESE,11.0
1010.0,3.0,2019-04-13,31.0,36.0,27.0,0.0,ESE,14.0
1010.0,3.0,2019-04-14,30.0,36.0,25.0,0.0,ESE,16.0
1010.0,0.0,2019-04-15,27.0,36.0,25.0,0.0,SE,13.0
1010.0,5.0,2019-04-16,38.0,37.0,25.0,0.0,SSW,11.0
1010.0,54.0,2019-04-17,45.0,34.0,26.0,2.3,SE,9.0
1010.0,61.0,2019-04-18,50.0,34.0,26.0,6.0,E,11.0
1009.0,29.0,2019-04-19,45.0,35.0,25.0,3.5,SSE,10.0
1008.0,36.0,2019-04-20,49.0,33.0,26.0,0.1,SSE,12.0
1007.0,32.0,2019-04-21,46.0,33.0,25.0,0.0,W,8.0
1007.0,33.0,2019-04-22,46.0,33.0,26.0,0.3,ENE,11.0
1009.0,28.0,2019-04-23,45.0,34.0,25.0,1.2,ENE,11.0
1010.0,24.0,2019-04-24,39.0,35.0,25.0,0.0,E,14.0
1009.0,16.0,2019-04-25,31.0,36.0,25.0,0.0,E,14.0
1008.0,6.0,2019-04-26,33.0,36.0,26.0,0.0,ESE,11.0
1008.0,24.0,2019-04-27,34.0,35.0,28.0,0.8,SE,8.0
1007.0,7.0,2019-04-28,35.0,37.0,27.0,0.0,ESE,13.0
1008.0,29.0,2019-04-29,42.0,36.0,27.0,0.5,S,12.0
1007.0,49.0,2019-04-30,51.0,34.0,26.0,2.8,WNW,14.0
1005.0,33.0,2019-05-01,52.0,34.0,25.0,2.0,W,21.0
1006.0,19.0,2019-05-02,39.0,37.0,25.0,0.0,NW,19.0
1008.0,14.0,2019-05-03,42.0,36.0,24.0,0.0,W,20.0
1010.0,23.0,2019-05-04,45.0,35.0,24.0,0.1,WSW,13.0
1011.0,41.0,2019-05-05,42.0,35.0,25.0,4.1,ENE,11.0
1009.0,29.0,2019-05-06,43.0,35.0,26.0,0.2,NE,10.0
1010.0,40.0,2019-05-07,57.0,34.0,25.0,15.2,W,20.0
1010.0,65.0,2019-05-08,64.0,32.0,24.0,12.0,WNW,18.0
1009.0,33.0,2019-05-09,53.0,34.0,22.0,1.2,NW,15.0
1008.0,8.0,2019-05-10,43.0,35.0,25.0,0.0,S,12.0
1009.0,37.0,2019-05-11,50.0,35.0,27.0,2.8,W,11.0
1009.0,55.0,2019-05-12,57.0,33.0,26.0,11.0,S,11.0
1008.0,19.0,2019-05-13,54.0,33.0,25.0,0.0,W,9.0
1008.0,27.0,2019-05-14,51.0,35.0,26.0,0.4,NNW,12.0
1009.0,47.0,2019-05-15,57.0,33.0,24.0,0.9,WSW,13.0
1010.0,20.0,2019-05-16,52.0,33.0,25.0,0.0,SSE,10.0
1009.0,33.0,2019-05-17,52.0,34.0,25.0,6.3,W,11.0
1008.0,13.0,2019-05-18,47.0,35.0,25.0,0.0,SSE,9.0
1008.0,10.0,2019-05-19,41.0,35.0,27.0,0.0,SSE,10.0
1009.0,26.0,2019-05-20,39.0,36.0,27.0,0.4,SSE,12.0
1009.0,9.0,2019-05-21,41.0,35.0,27.0,0.0,SSE,9.0
1008.0,44.0,2019-05-22,46.0,35.0,28.0,0.9,S,11.0
1008.0,22.0,2019-05-23,49.0,35.0,26.0,0.0,SSE,8.0
1008.0,11.0,2019-05-24,48.0,36.0,27.0,0.0,E,10.0
1008.0,34.0,2019-05-25,56.0,35.0,25.0,0.8,SSE,13.0
1007.0,40.0,2019-05-26,55.0,36.0,25.0,7.5,SSE,13.0
1007.0,52.0,2019-05-27,51.0,34.0,26.0,1.8,SSE,10.0
1006.0,45.0,2019-05-28,61.0,35.0,18.0,56.8,WSW,15.0
1006.0,49.0,2019-05-29,60.0,35.0,24.0,9.5,SW,16.0
1005.0,48.0,2019-05-30,54.0,36.0,26.0,9.1,WSW,13.0
1006.0,54.0,2019-05-31,63.0,33.0,25.0,12.8,SW,17.0
1007.0,39.0,2019-06-01,55.0,34.0,24.0,0.2,NW,14.0
1007.0,76.0,2019-06-02,64.0,33.0,24.0,24.3,W,18.0
1007.0,70.0,2019-06-03,65.0,32.0,24.0,27.0,WNW,17.0
1006.0,40.0,2019-06-04,55.0,34.0,24.0,10.4,WNW,12.0
1006.0,53.0,2019-06-05,56.0,34.0,26.0,6.7,S,10.0
1006.0,12.0,2019-06-06,51.0,36.0,25.0,0.0,SSE,13.0
1006.0,41.0,2019-06-07,60.0,36.0,25.0,29.0,SSW,13.0
1006.0,41.0,2019-06-08,61.0,34.0,24.0,11.7,SW,13.0
1006.0,42.0,2019-06-09,60.0,34.0,24.0,0.9,SSW,16.0
1006.0,45.0,2019-06-10,69.0,29.0,23.0,0.5,SW,20.0
1006.0,51.0,2019-06-11,67.0,30.0,23.0,0.0,SW,31.0
1007.0,66.0,2019-06-12,70.0,29.0,22.0,0.4,WSW,29.0
1008.0,75.0,2019-06-13,69.0,30.0,23.0,6.9,WSW,25.0
1008.0,52.0,2019-06-14,65.0,31.0,22.0,0.7,W,23.0
1008.0,39.0,2019-06-15,63.0,32.0,22.0,0.1,W,22.0
1009.0,14.0,2019-06-16,61.0,32.0,22.0,0.0,W,21.0
1009.0,17.0,2019-06-17,60.0,31.0,22.0,0.2,W,22.0
1008.0,24.0,2019-06-18,60.0,32.0,22.0,2.8,W,19.0
1007.0,30.0,2019-06-19,62.0,33.0,22.0,10.9,W,21.0
1007.0,32.0,2019-06-20,65.0,31.0,22.0,0.1,W,24.0
1007.0,52.0,2019-06-21,70.0,29.0,22.0,22.4,WSW,22.0
1007.0,78.0,2019-06-22,73.0,28.0,22.0,4.1,W,24.0
1005.0,54.0,2019-06-23,69.0,29.0,22.0,1.1,WSW,23.0
1006.0,71.0,2019-06-24,70.0,29.0,21.0,4.9,WSW,20.0
1007.0,38.0,2019-06-25,66.0,30.0,21.0,2.6,WSW,20.0
1008.0,52.0,2019-06-26,69.0,29.0,21.0,2.6,WSW,23.0
1008.0,57.0,2019-06-27,67.0,30.0,22.0,0.0,W,26.0
1008.0,34.0,2019-06-28,64.0,30.0,22.0,0.0,W,27.0
1007.0,40.0,2019-06-29,65.0,29.0,22.0,0.0,W,28.0
1007.0,47.0,2019-06-30,65.0,29.0,22.0,0.2,W,28.0
1006.0,32.0,2019-07-01,62.0,31.0,21.0,0.0,W,25.0
1006.0,33.0,2019-07-02,61.0,31.0,22.0,0.0,W,28.0
1007.0,36.0,2019-07-03,62.0,30.0,22.0,0.0,W,27.0
1007.0,35.0,2019-07-04,62.0,30.0,23.0,0.0,WSW,26.0
1006.0,47.0,2019-07-05,62.0,30.0,22.0,0.0,WSW,30.0
1007.0,68.0,2019-07-06,64.0,28.0,23.0,0.2,WSW,29.0
1008.0,44.0,2019-07-07,64.0,29.0,21.0,0.0,W,29.0
1009.0,34.0,2019-07-08,61.0,31.0,21.0,0.0,W,29.0
1008.0,49.0,2019-07-09,63.0,29.0,21.0,9.8,W,27.0
1009.0,41.0,2019-07-10,63.0,30.0,21.0,0.0,W,27.0
1010.0,50.0,2019-07-11,57.0,31.0,22.0,0.2,WNW,25.0
1010.0,51.0,2019-07-12,63.0,31.0,23.0,15.7,W,15.0
1010.0,58.0,2019-07-13,62.0,32.0,22.0,6.4,W,16.0
1010.0,65.0,2019-07-14,70.0,30.0,22.0,47.3,W,16.0
1008.0,67.0,2019-07-15,72.0,29.0,21.0,11.3,W,18.0
1008.0,58.0,2019-07-16,71.0,29.0,22.0,15.8,WNW,17.0
1007.0,74.0,2019-07-17,73.0,29.0,22.0,21.7,WNW,18.0
1005.0,77.0,2019-07-18,70.0,29.0,22.0,26.7,NW,19.0
1004.0,82.0,2019-07-19,78.0,27.0,22.0,44.3,W,21.0
1005.0,66.0,2019-07-20,78.0,26.0,21.0,0.6,WSW,26.0
1005.0,86.0,2019-07-21,78.0,27.0,21.0,3.1,WSW,23.0
1005.0,96.0,2019-07-22,84.0,25.0,21.0,55.5,W,23.0
1006.0,92.0,2019-07-23,81.0,25.0,20.0,2.8,W,24.0
1007.0,70.0,2019-07-24,77.0,28.0,21.0,36.0,W,20.0
1009.0,65.0,2019-07-25,79.0,28.0,22.0,21.3,W,17.0
1009.0,63.0,2019-07-26,78.0,26.0,21.0,15.2,WSW,21.0
1009.0,68.0,2019-07-27,73.0,27.0,20.0,3.2,W,23.0
1008.0,72.0,2019-07-28,76.0,25.0,21.0,0.8,W,24.0
1008.0,68.0,2019-07-29,76.0,25.0,20.0,0.0,WSW,26.0
1009.0,68.0,2019-07-30,72.0,27.0,20.0,0.5,W,25.0
1010.0,31.0,2019-07-31,69.0,28.0,20.0,0.0,W,23.0
1010.0,48.0,2019-08-01,70.0,28.0,20.0,0.4,W,25.0
1009.0,53.0,2019-08-02,68.0,28.0,21.0,0.0,W,27.0
1009.0,48.0,2019-08-03,67.0,28.0,21.0,0.0,WSW,27.0
1009.0,69.0,2019-08-04,68.0,28.0,21.0,1.0,W,30.0
1008.0,80.0,2019-08-05,75.0,26.0,21.0,1.9,W,30.0
1007.0,90.0,2019-08-06,78.0,24.0,21.0,1.9,W,31.0
1006.0,79.0,2019-08-07,74.0,26.0,21.0,1.6,W,35.0
1006.0,83.0,2019-08-08,79.0,25.0,21.0,15.2,WSW,33.0
1008.0,86.0,2019-08-09,86.0,22.0,21.0,10.9,WSW,29.0
1008.0,83.0,2019-08-10,78.0,26.0,20.0,0.8,W,31.0
1008.0,56.0,2019-08-11,70.0,27.0,20.0,0.5,W,28.0
1008.0,78.0,2019-08-12,75.0,27.0,20.0,5.8,W,23.0
1008.0,70.0,2019-08-13,76.0,29.0,21.0,17.7,W,21.0
1009.0,77.0,2019-08-14,80.0,27.0,21.0,5.2,WSW,23.0
1010.0,81.0,2019-08-15,77.0,28.0,21.0,10.4,W,24.0
1009.0,65.0,2019-08-16,78.0,27.0,20.0,17.3,WNW,19.0
1009.0,76.0,2019-08-17,85.0,24.0,21.0,4.7,W,16.0
1009.0,72.0,2019-08-18,81.0,26.0,20.0,26.4,W,14.0
1009.0,76.0,2019-08-19,76.0,29.0,21.0,23.8,WNW,14.0
1009.0,65.0,2019-08-20,80.0,26.0,22.0,6.5,WNW,16.0
1009.0,62.0,2019-08-21,77.0,27.0,21.0,14.4,WNW,20.0
1009.0,73.0,2019-08-22,78.0,27.0,21.0,10.4,W,20.0
1009.0,64.0,2019-08-23,76.0,27.0,21.0,8.8,W,22.0
1009.0,54.0,2019-08-24,79.0,27.0,20.0,11.2,W,23.0
1009.0,41.0,2019-08-25,72.0,28.0,21.0,0.0,W,22.0
1009.0,54.0,2019-08-26,73.0,28.0,20.0,1.7,WSW,23.0
1008.0,67.0,2019-08-27,80.0,24.0,20.0,10.1,WSW,22.0
1009.0,56.0,2019-08-28,76.0,27.0,20.0,5.8,WSW,21.0
1009.0,69.0,2019-08-29,75.0,28.0,21.0,2.2,W,21.0
1007.0,44.0,2019-08-30,72.0,27.0,20.0,0.2,W,27.0
1006.0,49.0,2019-08-31,73.0,27.0,20.0,0.1,WSW,25.0
1008.0,84.0,2019-09-01,76.0,27.0,20.0,8.7,WSW,24.0
1009.0,74.0,2019-09-02,82.0,25.0,20.0,3.8,WSW,24.0
1008.0,67.0,2019-09-03,78.0,26.0,21.0,2.2,W,27.0
1007.0,76.0,2019-09-04,77.0,26.0,21.0,6.0,WSW,26.0
1007.0,78.0,2019-09-05,75.0,26.0,21.0,0.4,W,31.0
1007.0,74.0,2019-09-06,72.0,27.0,21.0,1.3,W,32.0
1008.0,74.0,2019-09-07,73.0,26.0,21.0,0.5,W,31.0
1010.0,76.0,2019-09-08,74.0,27.0,21.0,0.0,W,27.0
1009.0,60.0,2019-09-09,76.0,26.0,20.0,0.1,W,24.0
1008.0,58.0,2019-09-10,72.0,30.0,20.0,7.6,WSW,20.0
1010.0,70.0,2019-09-11,77.0,28.0,21.0,10.2,W,17.0
1011.0,60.0,2019-09-12,77.0,28.0,21.0,12.8,W,17.0
1012.0,62.0,2019-09-13,75.0,29.0,21.0,3.7,W,16.0
1011.0,64.0,2019-09-14,76.0,29.0,21.0,9.6,W,15.0
1010.0,67.0,2019-09-15,77.0,28.0,20.0,19.3,WNW,15.0
1009.0,81.0,2019-09-16,76.0,0.0,0.0,35.4,WNW,19.0
1008.0,72.0,2019-09-17,82.0,25.0,21.0,13.3,WNW,16.0
1008.0,75.0,2019-09-18,84.0,25.0,21.0,3.5,W,14.0
1008.0,71.0,2019-09-19,82.0,27.0,20.0,18.4,WSW,16.0
1009.0,59.0,2019-09-20,79.0,27.0,20.0,0.5,WSW,14.0
1008.0,59.0,2019-09-21,76.0,28.0,20.0,9.3,WSW,9.0
1009.0,75.0,2019-09-22,81.0,26.0,22.0,33.6,S,6.0
1009.0,70.0,2019-09-23,77.0,28.0,21.0,45.3,WNW,8.0
1008.0,75.0,2019-09-24,80.0,28.0,21.0,34.3,W,10.0
1009.0,61.0,2019-09-25,80.0,28.0,22.0,22.0,SSE,11.0
1012.0,65.0,2019-09-26,81.0,27.0,21.0,14.1,S,12.0
1014.0,50.0,2019-09-27,77.0,27.0,20.0,17.7,SSW,7.0
1013.0,53.0,2019-09-28,75.0,28.0,21.0,7.9,S,9.0
1013.0,60.0,2019-09-29,74.0,28.0,21.0,2.1,SSE,10.0
1013.0,78.0,2019-09-30,79.0,28.0,21.0,6.6,SSE,12.0
1012.0,76.0,2019-10-01,73.0,29.0,20.0,13.3,W,9.0
1012.0,81.0,2019-10-02,73.0,29.0,21.0,17.9,ESE,6.0
1012.0,73.0,2019-10-03,72.0,28.0,23.0,15.2,SSE,7.0
1011.0,58.0,2019-10-04,74.0,28.0,22.0,28.6,SW,6.0
1010.0,82.0,2019-10-05,75.0,28.0,21.0,48.0,SE,8.0
1011.0,64.0,2019-10-06,75.0,27.0,21.0,12.1,SW,9.0
1011.0,66.0,2019-10-07,76.0,28.0,21.0,35.8,SE,4.0
1011.0,68.0,2019-10-08,71.0,29.0,22.0,10.4,SE,6.0
1010.0,60.0,2019-10-09,71.0,30.0,22.0,9.5,SW,6.0
1010.0,80.0,2019-10-10,77.0,27.0,22.0,40.5,S,10.0
1011.0,71.0,2019-10-11,79.0,28.0,21.0,10.8,S,9.0
1011.0,57.0,2019-10-12,77.0,29.0,22.0,4.6,SE,9.0
1011.0,69.0,2019-10-13,79.0,28.0,22.0,25.1,E,10.0
1012.0,55.0,2019-10-14,76.0,29.0,21.0,4.4,E,10.0
1011.0,65.0,2019-10-15,81.0,28.0,21.0,8.7,ENE,12.0
1011.0,63.0,2019-10-16,82.0,27.0,21.0,24.8,ENE,14.0
1012.0,59.0,2019-10-17,86.0,26.0,20.0,7.1,E,13.0
1011.0,65.0,2019-10-18,83.0,27.0,20.0,5.5,SE,13.0
1012.0,62.0,2019-10-19,81.0,28.0,21.0,6.5,ESE,10.0
1011.0,66.0,2019-10-20,80.0,28.0,21.0,43.9,ESE,12.0
1010.0,70.0,2019-10-21,84.0,27.0,21.0,41.1,SE,6.0
1009.0,62.0,2019-10-22,84.0,24.0,21.0,15.3,W,13.0
1009.0,67.0,2019-10-23,82.0,26.0,21.0,16.2,W,18.0
1010.0,68.0,2019-10-24,82.0,25.0,20.0,0.4,SW,17.0
1010.0,65.0,2019-10-25,80.0,25.0,20.0,1.3,SW,17.0
1011.0,52.0,2019-10-26,81.0,26.0,20.0,20.0,SSW,13.0
1011.0,67.0,2019-10-27,76.0,28.0,20.0,7.6,SSW,5.0
1012.0,81.0,2019-10-28,81.0,27.0,20.0,24.8,E,12.0
1012.0,55.0,2019-10-29,81.0,26.0,20.0,1.2,E,18.0
1012.0,81.0,2019-10-30,88.0,24.0,20.0,27.3,E,19.0
1011.0,75.0,2019-10-31,88.0,25.0,19.0,18.9,S,17.0
1012.0,45.0,2019-11-01,77.0,27.0,19.0,9.0,S,6.0
1013.0,49.0,2019-11-02,78.0,27.0,20.0,1.7,ESE,9.0
1014.0,32.0,2019-11-03,77.0,28.0,19.0,0.0,E,10.0
1014.0,34.0,2019-11-04,69.0,28.0,21.0,0.4,NE,7.0
1012.0,15.0,2019-11-05,66.0,29.0,21.0,0.0,NNE,6.0
1010.0,37.0,2019-11-06,66.0,29.0,22.0,0.3,SE,7.0
1010.0,39.0,2019-11-07,72.0,29.0,21.0,0.5,NNW,7.0
1011.0,74.0,2019-11-08,83.0,25.0,21.0,43.6,NE,4.0
1011.0,81.0,2019-11-09,77.0,27.0,21.0,26.9,NNE,8.0
1011.0,57.0,2019-11-10,77.0,27.0,21.0,5.0,NE,9.0
1012.0,76.0,2019-11-11,75.0,27.0,21.0,2.4,NE,9.0
1013.0,29.0,2019-11-12,79.0,26.0,19.0,0.0,E,14.0
1014.0,18.0,2019-11-13,75.0,26.0,18.0,0.0,E,15.0
1013.0,43.0,2019-11-14,82.0,26.0,18.0,0.6,E,14.0
1013.0,61.0,2019-11-15,82.0,27.0,19.0,26.5,E,12.0
1013.0,50.0,2019-11-16,81.0,26.0,20.0,2.8,E,13.0
1014.0,18.0,2019-11-17,74.0,27.0,19.0,0.0,NE,12.0
1013.0,55.0,2019-11-18,83.0,26.0,20.0,0.8,ENE,14.0
1013.0,61.0,2019-11-19,78.0,28.0,20.0,0.4,E,11.0
1012.0,65.0,2019-11-20,83.0,26.0,20.0,6.1,ENE,16.0
1013.0,69.0,2019-11-21,80.0,26.0,20.0,0.3,ENE,16.0
1014.0,48.0,2019-11-22,79.0,25.0,18.0,0.3,ENE,14.0
1015.0,34.0,2019-11-23,76.0,26.0,18.0,0.1,E,14.0
1014.0,22.0,2019-11-24,74.0,26.0,18.0,0.0,ESE,14.0
1013.0,31.0,2019-11-25,78.0,26.0,18.0,0.5,E,17.0
1013.0,16.0,2019-11-26,77.0,25.0,15.0,0.0,E,17.0
1013.0,63.0,2019-11-27,83.0,25.0,17.0,0.1,E,17.0
1013.0,62.0,2019-11-28,83.0,25.0,20.0,4.8,ESE,18.0
1013.0,67.0,2019-11-29,85.0,25.0,18.0,3.1,E,16.0
1013.0,64.0,2019-11-30,83.0,25.0,19.0,0.9,E,19.0
1013.0,94.0,2019-12-01,91.0,22.0,20.0,18.4,E,17.0
1013.0,76.0,2019-12-02,86.0,24.0,19.0,3.0,E,19.0
1014.0,76.0,2019-12-03,84.0,24.0,19.0,2.0,E,18.0
1015.0,73.0,2019-12-04,84.0,25.0,18.0,1.6,ENE,20.0
1016.0,45.0,2019-12-05,82.0,23.0,17.0,0.1,ENE,18.0
1016.0,45.0,2019-12-06,81.0,22.0,17.0,0.0,E,16.0
1015.0,59.0,2019-12-07,84.0,25.0,16.0,0.7,E,16.0
1015.0,67.0,2019-12-08,81.0,25.0,18.0,1.1,ESE,17.0
1015.0,39.0,2019-12-09,76.0,25.0,17.0,0.3,E,17.0
1014.0,52.0,2019-12-10,78.0,24.0,16.0,0.4,E,14.0
1013.0,46.0,2019-12-11,71.0,26.0,17.0,0.3,E,12.0
1013.0,30.0,2019-12-12,75.0,26.0,17.0,0.1,ESE,12.0
1014.0,35.0,2019-12-13,78.0,26.0,17.0,0.0,ESE,14.0
1015.0,78.0,2019-12-14,82.0,25.0,19.0,2.5,E,17.0
1014.0,33.0,2019-12-15,78.0,25.0,18.0,0.0,E,15.0
1014.0,59.0,2019-12-16,75.0,26.0,19.0,0.8,E,16.0
1015.0,36.0,2019-12-17,75.0,26.0,17.0,0.0,ENE,15.0
1015.0,53.0,2019-12-18,80.0,24.0,17.0,0.3,E,17.0
1015.0,35.0,2019-12-19,79.0,24.0,18.0,0.0,E,17.0
1014.0,22.0,2019-12-20,78.0,25.0,17.0,0.0,ESE,15.0
1014.0,37.0,2019-12-21,79.0,25.0,18.0,0.0,E,17.0
1014.0,26.0,2019-12-22,76.0,25.0,18.0,0.0,E,15.0
1014.0,43.0,2019-12-23,77.0,25.0,17.0,0.0,ESE,14.0
1014.0,69.0,2019-12-24,81.0,26.0,18.0,0.4,ESE,15.0
1014.0,44.0,2019-12-25,81.0,26.0,20.0,0.0,ESE,15.0
1013.0,34.0,2019-12-26,74.0,28.0,18.0,0.0,E,10.0
1012.0,30.0,2019-12-27,72.0,28.0,18.0,0.0,ENE,11.0
1013.0,29.0,2019-12-28,73.0,26.0,18.0,0.0,E,15.0
1014.0,47.0,2019-12-29,75.0,27.0,17.0,0.9,ESE,14.0
1014.0,51.0,2019-12-30,75.0,25.0,17.0,0.2,ESE,15.0
1014.0,39.0,2019-12-31,77.0,25.0,19.0,0.0,ESE,14.0
1015.0,58.0,2020-01-01,78.0,26.0,18.0,4.0,ESE,16.0
1015.0,46.0,2020-01-02,79.0,25.0,19.0,0.0,SE,13.0
1014.0,61.0,2020-01-03,74.0,28.0,20.0,0.6,SSE,11.0
1012.0,53.0,2020-01-04,67.0,29.0,20.0,0.7,SW,7.0
1012.0,70.0,2020-01-05,73.0,28.0,20.0,1.0,ESE,11.0
1015.0,60.0,2020-01-06,76.0,27.0,20.0,0.7,E,18.0
1015.0,56.0,2020-01-07,75.0,26.0,19.0,0.3,ESE,17.0
1014.0,20.0,2020-01-08,67.0,28.0,18.0,0.0,ESE,13.0
1013.0,34.0,2020-01-09,71.0,28.0,17.0,0.0,E,12.0
1014.0,9.0,2020-01-10,66.0,26.0,18.0,0.0,E,16.0
1015.0,2.0,2020-01-11,65.0,26.0,16.0,0.0,E,15.0
1014.0,8.0,2020-01-12,66.0,27.0,16.0,0.0,ESE,15.0
1013.0,21.0,2020-01-13,63.0,30.0,18.0,0.0,NE,10.0
1012.0,18.0,2020-01-14,61.0,29.0,18.0,0.0,E,12.0
1013.0,1.0,2020-01-15,54.0,27.0,16.0,0.0,ESE,15.0
1013.0,15.0,2020-01-16,62.0,28.0,15.0,0.0,SE,13.0
1013.0,9.0,2020-01-17,62.0,28.0,17.0,0.0,SE,14.0
1013.0,61.0,2020-01-18,74.0,27.0,19.0,0.6,ESE,19.0
1013.0,56.0,2020-01-19,70.0,27.0,18.0,0.5,ESE,15.0
1014.0,18.0,2020-01-20,61.0,29.0,18.0,0.0,E,16.0
1016.0,4.0,2020-01-21,54.0,28.0,18.0,0.0,E,17.0
1016.0,7.0,2020-01-22,66.0,28.0,16.0,0.0,ESE,18.0
1015.0,19.0,2020-01-23,66.0,28.0,18.0,0.0,ESE,17.0
1015.0,1.0,2020-01-24,48.0,29.0,18.0,0.0,E,14.0
1015.0,0.0,2020-01-25,34.0,29.0,18.0,0.0,E,12.0
1013.0,0.0,2020-01-26,39.0,31.0,19.0,0.0,ENE,12.0
1013.0,0.0,2020-01-27,42.0,31.0,21.0,0.0,ESE,12.0
1013.0,12.0,2020-01-28,54.0,30.0,18.0,0.0,SSW,12.0
1014.0,7.0,2020-01-29,50.0,32.0,20.0,0.0,S,9.0
1013.0,5.0,2020-01-30,44.0,33.0,21.0,0.0,SSW,6.0
1011.0,7.0,2020-01-31,46.0,32.0,20.0,0.0,SSE,10.0
1012.0,12.0,2020-02-01,59.0,29.0,19.0,0.0,SE,16.0
1015.0,10.0,2020-02-02,58.0,28.0,17.0,0.0,ESE,17.0
1015.0,3.0,2020-02-03,54.0,29.0,17.0,0.0,ESE,16.0
1014.0,11.0,2020-02-04,59.0,29.0,15.0,0.0,SE,16.0
1013.0,32.0,2020-02-05,61.0,29.0,19.0,0.1,ESE,12.0
1013.0,15.0,2020-02-06,50.0,30.0,18.0,0.0,SSE,10.0
1013.0,17.0,2020-02-07,52.0,30.0,19.0,0.0,S,11.0
1013.0,37.0,2020-02-08,56.0,31.0,19.0,0.2,SW,12.0
1014.0,64.0,2020-02-09,68.0,27.0,18.0,1.6,SE,16.0
1014.0,47.0,2020-02-10,60.0,29.0,19.0,0.3,ESE,19.0
1015.0,14.0,2020-02-11,62.0,29.0,17.0,0.0,ESE,21.0
1016.0,12.0,2020-02-12,62.0,29.0,17.0,0.0,ESE,19.0
1015.0,9.0,2020-02-13,52.0,31.0,17.0,0.0,ENE,13.0
1014.0,4.0,2020-02-14,47.0,32.0,19.0,0.0,NNE,10.0
1013.0,1.0,2020-02-15,36.0,34.0,20.0,0.0,ENE,11.0
1014.0,0.0,2020-02-16,32.0,32.0,19.0,0.0,E,15.0
1015.0,0.0,2020-02-17,36.0,31.0,17.0,0.0,E,15.0
1015.0,0.0,2020-02-18,39.0,31.0,17.0,0.0,E,16.0
1014.0,1.0,2020-02-19,47.0,31.0,19.0,0.0,ENE,14.0
1014.0,0.0,2020-02-20,48.0,31.0,17.0,0.0,ESE,17.0
1016.0,7.0,2020-02-21,50.0,31.0,16.0,0.0,ESE,16.0
1016.0,11.0,2020-02-22,59.0,31.0,17.0,0.0,E,18.0
1015.0,13.0,2020-02-23,59.0,31.0,17.0,0.0,E,17.0
1013.0,5.0,2020-02-24,53.0,31.0,17.0,0.0,ESE,14.0
1012.0,9.0,2020-02-25,54.0,32.0,18.0,0.0,ESE,13.0
1012.0,8.0,2020-02-26,54.0,32.0,20.0,0.0,ESE,13.0
1012.0,23.0,2020-02-27,58.0,29.0,19.0,0.0,E,14.0
1011.0,30.0,2020-02-28,62.0,29.0,18.0,0.0,E,17.0
1012.0,44.0,2020-03-01,58.0,30.0,19.0,0.4,ESE,14.0
1012.0,31.0,2020-03-02,54.0,30.0,20.0,0.1,SSE,9.0
1012.0,37.0,2020-03-03,52.0,31.0,20.0,0.1,SE,8.0
1011.0,43.0,2020-03-04,45.0,32.0,22.0,1.0,W,7.0
1010.0,35.0,2020-03-05,56.0,29.0,23.0,0.3,S,10.0
1011.0,54.0,2020-03-06,60.0,30.0,21.0,2.3,SSW,12.0
1012.0,59.0,2020-03-07,61.0,29.0,22.0,2.8,S,10.0
1012.0,64.0,2020-03-08,66.0,31.0,22.0,1.9,SSE,12.0
1011.0,79.0,2020-03-09,65.0,30.0,22.0,2.2,S,12.0
1011.0,41.0,2020-03-10,55.0,31.0,22.0,0.8,SE,13.0
1011.0,18.0,2020-03-11,45.0,32.0,22.0,0.0,SSE,13.0
1013.0,19.0,2020-03-12,44.0,32.0,22.0,0.0,SE,13.0
1013.0,6.0,2020-03-13,41.0,32.0,22.0,0.0,SE,14.0
1012.0,2.0,2020-03-14,44.0,32.0,22.0,0.0,E,13.0
1011.0,4.0,2020-03-15,49.0,33.0,22.0,0.0,E,14.0
1012.0,5.0,2020-03-16,53.0,32.0,21.0,0.0,SE,16.0
1013.0,3.0,2020-03-17,46.0,33.0,21.0,0.0,SE,18.0
1013.0,1.0,2020-03-18,34.0,33.0,21.0,0.0,ESE,17.0
1012.0,3.0,2020-03-19,35.0,34.0,24.0,0.0,ESE,11.0
1012.0,38.0,2020-03-20,44.0,32.0,24.0,0.9,SW,10.0
1011.0,25.0,2020-03-21,43.0,36.0,23.0,0.1,SE,9.0
1011.0,16.0,2020-03-22,44.0,32.0,23.0,0.0,S,10.0
1011.0,36.0,2020-03-23,47.0,31.0,24.0,0.8,SE,10.0
1010.0,14.0,2020-03-24,42.0,34.0,23.0,0.0,E,13.0
1010.0,12.0,2020-03-25,39.0,32.0,22.0,0.0,ESE,15.0
1010.0,5.0,2020-03-26,39.0,34.0,23.0,0.0,E,17.0
1012.0,1.0,2020-03-27,36.0,33.0,22.0,0.0,E,16.0
1011.0,0.0,2020-03-28,31.0,34.0,22.0,0.0,E,15.0
1010.0,1.0,2020-03-29,29.0,34.0,24.0,0.0,E,15.0
1011.0,4.0,2020-03-30,29.0,35.0,23.0,0.0,E,15.0
1011.0,3.0,2020-03-31,29.0,34.0,22.0,0.0,ESE,17.0
1011.0,3.0,2020-04-01,30.0,35.0,23.0,0.0,E,15.0
1010.0,6.0,2020-04-02,34.0,36.0,24.0,0.0,E,14.0
1010.0,5.0,2020-04-03,32.0,35.0,23.0,0.0,ESE,15.0
1011.0,1.0,2020-04-04,31.0,35.0,23.0,0.0,ESE,14.0
1012.0,1.0,2020-04-05,43.0,36.0,22.0,0.0,ESE,14.0
1012.0,31.0,2020-04-06,47.0,35.0,22.0,0.6,ENE,10.0
1011.0,49.0,2020-04-07,49.0,34.0,25.0,0.3,S,11.0
1012.0,65.0,2020-04-08,52.0,32.0,23.0,7.1,S,9.0
1011.0,78.0,2020-04-09,47.0,33.0,24.0,2.9,SE,8.0
1011.0,19.0,2020-04-10,42.0,34.0,24.0,1.6,ESE,14.0
1013.0,6.0,2020-04-11,38.0,34.0,23.0,0.0,E,15.0
1012.0,4.0,2020-04-12,30.0,34.0,24.0,0.0,E,17.0
1010.0,1.0,2020-04-13,25.0,35.0,25.0,0.0,E,17.0
1011.0,1.0,2020-04-14,20.0,35.0,25.0,0.0,E,19.0
1012.0,1.0,2020-04-15,21.0,35.0,24.0,0.0,E,16.0
1010.0,3.0,2020-04-16,37.0,35.0,23.0,0.0,E,15.0
1010.0,5.0,2020-04-17,40.0,35.0,24.0,0.0,E,14.0
1010.0,3.0,2020-04-18,34.0,36.0,26.0,0.0,E,15.0
1010.0,23.0,2020-04-19,38.0,36.0,25.0,0.4,E,15.0
1010.0,3.0,2020-04-20,38.0,35.0,25.0,0.0,E,16.0
1010.0,0.0,2020-04-21,34.0,35.0,24.0,0.0,E,12.0
1009.0,6.0,2020-04-22,43.0,36.0,24.0,0.0,SSE,11.0
1009.0,18.0,2020-04-23,42.0,37.0,24.0,0.1,ENE,11.0
1009.0,48.0,2020-04-24,45.0,35.0,26.0,0.5,SE,9.0
1009.0,45.0,2020-04-25,58.0,32.0,18.0,4.2,W,10.0
1009.0,60.0,2020-04-26,54.0,33.0,23.0,5.1,S,9.0
1011.0,48.0,2020-04-27,53.0,33.0,25.0,7.9,WSW,9.0
1010.0,16.0,2020-04-28,47.0,35.0,25.0,0.2,ESE,9.0
1011.0,56.0,2020-04-29,59.0,30.0,22.0,16.3,WSW,10.0
1011.0,20.0,2020-04-30,48.0,33.0,24.0,0.0,ESE,10.0
1010.0,14.0,2020-05-01,41.0,33.0,26.0,0.0,NE,7.0
1009.0,16.0,2020-05-02,43.0,34.0,26.0,0.0,E,8.0
1008.0,8.0,2020-05-03,38.0,36.0,26.0,0.0,E,12.0
1009.0,27.0,2020-05-04,40.0,35.0,26.0,0.5,SSE,8.0
1009.0,7.0,2020-05-05,33.0,36.0,27.0,0.0,ESE,11.0
1008.0,7.0,2020-05-06,40.0,35.0,26.0,0.0,ESE,11.0
1009.0,8.0,2020-05-07,39.0,36.0,26.0,0.0,E,12.0
1009.0,9.0,2020-05-08,41.0,36.0,26.0,0.0,ESE,13.0
1009.0,10.0,2020-05-09,37.0,37.0,26.0,0.0,E,15.0
1009.0,4.0,2020-05-10,31.0,36.0,28.0,0.0,E,15.0
1009.0,5.0,2020-05-11,34.0,36.0,26.0,0.0,E,15.0
1008.0,15.0,2020-05-12,43.0,36.0,25.0,0.1,E,17.0
1008.0,15.0,2020-05-13,47.0,35.0,24.0,0.3,ENE,12.0
1007.0,16.0,2020-05-14,41.0,37.0,26.0,0.3,E,13.0
1006.0,26.0,2020-05-15,44.0,36.0,25.0,0.9,NE,11.0
1006.0,55.0,2020-05-16,53.0,34.0,25.0,1.7,W,12.0
1006.0,26.0,2020-05-17,45.0,37.0,23.0,3.9,NNW,16.0
1005.0,62.0,2020-05-18,59.0,32.0,25.0,11.1,NW,18.0
1004.0,33.0,2020-05-19,58.0,33.0,24.0,0.6,NW,24.0
1004.0,19.0,2020-05-20,53.0,35.0,22.0,0.2,NW,19.0
1006.0,13.0,2020-05-21,53.0,35.0,23.0,0.0,NW,17.0
1007.0,5.0,2020-05-22,48.0,36.0,23.0,0.0,NNW,15.0
1007.0,10.0,2020-05-23,48.0,35.0,25.0,0.0,W,14.0
1008.0,32.0,2020-05-24,51.0,35.0,25.0,0.2,SW,12.0
1009.0,10.0,2020-05-25,49.0,35.0,25.0,0.0,ESE,12.0
1009.0,19.0,2020-05-26,48.0,36.0,24.0,0.4,SE,11.0
1008.0,39.0,2020-05-27,53.0,35.0,26.0,0.8,SSE,15.0
1007.0,40.0,2020-05-28,55.0,35.0,23.0,2.2,WNW,15.0
1008.0,43.0,2020-05-29,60.0,34.0,22.0,1.3,NW,17.0
1008.0,53.0,2020-05-30,60.0,32.0,22.0,9.2,NW,10.0
1008.0,48.0,2020-05-31,60.0,34.0,24.0,4.0,SSE,15.0
1009.0,56.0,2020-06-01,65.0,32.0,23.0,7.3,SSW,14.0
1009.0,55.0,2020-06-02,71.0,30.0,22.0,15.6,SW,19.0
1008.0,60.0,2020-06-03,69.0,30.0,22.0,1.7,SW,23.0
1009.0,66.0,2020-06-04,71.0,30.0,21.0,24.7,WSW,18.0
